2	版权	ban'quan
2	制度	zhi'du
2	模式	mo'shi
2	改革	gai'ge
2	权利	quan'li
2	监督	jian'du
2	规范	gui'fan
2	守法	shou'fa
2	法院	fa'yuan
2	侵犯	qin'fan
2	收购	shou'gou
2	非法	fei'fa
2	发展	fa'zhan
2	土豆	tu'dou
2	违法	wei'fa
2	部门	bu'men
2	政府	zheng'fu
2	轿车	jiao'che
2	经济	jing'ji
2	服务	fu'wu
2	执法	zhi'fa
2	公司	gong'si
2	债券	zhai'quan
2	披露	pi'lu
2	专利	zhuan'li
2	苹果	ping'guo
2	北京	bei'jing
2	实现	shi'xian
2	市场	shi'chang
2	招标	zhao'biao
2	了吧	le'ba
2	有不	you'bu
2	只为	zhi'wei
2	签约	qian'yue
2	微信	wei'xin
2	只会	zhi'hui
2	评论	ping'lun
2	猥琐	wei'suo
2	搭理	da'li
2	只是	zhi'shi
2	支持	zhi'chi
2	美国	mei'guo
2	欺诈	qi'zha
2	冷静	leng'jing
2	院长	yuan'zhang
2	协商	xie'shang
2	新车	xin'che
2	蛋糕	dan'gao
2	机构	ji'gou
2	能力	neng'li
2	资源	zi'yuan
2	计划	ji'hua
2	系统	xi'tong
2	证券	zheng'quan
2	分享	fen'xiang
2	产品	chan'pin
2	牛奶	niu'nai
2	债务	zhai'wu
2	判决	pan'jue
2	汇报	hui'bao
2	极其	ji'qi
2	网络	wang'luo
2	承包	cheng'bao
2	提升	ti'sheng
2	生效	sheng'xiao
2	不与	bu'yu
2	报告	bao'gao
2	拆迁	chai'qian
2	精神	jing'shen
2	查处	cha'chu
2	面包	mian'bao
2	产业	chan'ye
2	医院	yi'yuan
2	检查	jian'cha
2	标注	biao'zhu
2	用车	yong'che
2	章程	zhang'cheng
2	缺陷	que'xian
2	执行	zhi'xing
2	熊猫	xiong'mao
2	戒指	jie'zhi
2	行业	hang'ye
2	默认	mo'ren
2	学校	xue'xiao
2	需求	xu'qiu
2	你啊	ni'a
2	调整	tiao'zheng
2	豆腐	dou'fu
2	事实	shi'shi
2	我们	wo'men
2	一个	yi'ge
2	自己	zi'ji
2	注册	zhu'ce
2	进行	jin'xing
2	工作	gong'zuo
2	企业	qi'ye
2	可以	ke'yi
2	积分	ji'fen
2	如果	ru'guo
2	没有	mei'you
2	时间	shi'jian
2	问题	wen'ti
2	使用	shi'yong
2	信息	xin'xi
2	他们	ta'men
2	或者	huo'zhe
2	要求	yao'qiu
2	通过	tong'guo
2	文章	wen'zhang
2	就是	jiu'shi
2	这个	zhe'ge
2	等级	deng'ji
2	管理	guan'li
2	论坛	lun'tan
2	提供	ti'gong
2	遗产	yi'chan
2	作者	zuo'zhe
2	精华	jing'hua
2	状态	zhuang'tai
2	需要	xu'yao
2	同时	tong'shi
2	以及	yi'ji
2	一些	yi'xie
2	现在	xian'zai
2	这样	zhe'yang
2	内容	nei'rong
2	以上	yi'shang
2	因为	yin'wei
2	规定	gui'ding
2	时候	shi'hou
2	但是	dan'shi
2	所以	suo'yi
2	国家	guo'jia
2	技术	ji'shu
2	这些	zhe'xie
2	价格	jia'ge
2	帖子	tie'zi
2	网站	wang'zhan
2	用户	yong'hu
2	活动	huo'dong
2	电话	dian'hua
2	项目	xiang'mu
2	已经	yi'jing
2	目前	mu'qian
2	具有	ju'you
2	所有	suo'you
2	学生	xue'sheng
2	其他	qi'ta
2	根据	gen'ju
2	建设	jian'she
2	方式	fang'shi
2	的人	de'ren
2	单位	dan'wei
2	选择	xuan'ze
2	这种	zhe'zhong
2	专业	zhuan'ye
2	作为	zuo'wei
2	由于	you'yu
2	威望	wei'wang
2	什么	shen'me
2	功能	gong'neng
2	开始	kai'shi
2	还是	hai'shi
2	必须	bi'xu
2	一种	yi'zhong
2	包括	bao'kuo
2	我的	wo'de
2	设计	she'ji
2	组织	zu'zhi
2	应当	ying'dang
2	情况	qing'kuang
2	对于	dui'yu
2	因此	yin'ci
2	你的	ni'de
2	任何	ren'he
2	学习	xue'xi
2	软件	ruan'jian
2	最后	zui'hou
2	也是	ye'shi
2	上的	shang'de
2	地址	di'zhi
2	本站	ben'zhan
2	而且	er'qie
2	的是	de'shi
2	方法	fang'fa
2	标准	biao'zhun
2	上海	shang'hai
2	其中	qi'zhong
2	主要	zhu'yao
2	会员	hui'yuan
2	下载	xia'zai
2	都是	dou'shi
2	研究	yan'jiu
2	来自	lai'zi
2	提高	ti'gao
2	相关	xiang'guan
2	他的	ta'de
2	门派	men'pai
2	全国	quan'guo
2	生产	sheng'chan
3	江泽民	jiang'ze'min
3	房地产	fang'di'chan
3	五个亿	wu'ge'yi
3	董事长	dong'shi'zhang
3	二手车	er'shou'che
3	摩托车	mo'tuo'che
3	指的是	zhi'de'shi
3	市场价	shi'chang'jia
3	会员价	hui'yuan'jia
3	过程中	guo'cheng'zhong
3	消费者	xiao'fei'zhe
3	进一步	jin'yi'bu
3	服务器	fu'wu'qi
3	计算机	ji'suan'ji
3	联系人	lian'xi'ren
3	不同的	bu'tong'de
3	是一个	shi'yi'ge
3	为什么	wei'shen'me
3	管理员	guan'li'yuan
3	他们的	ta'men'de
3	平方米	ping'fang'mi
3	进行了	jin'xing'le
3	贡献值	gong'xian'zhi
3	特别是	te'bie'shi
3	良好的	liang'hao'de
3	办公室	ban'gong'shi
3	互联网	hu'lian'wang
3	情况下	qing'kuang'xia
3	北京市	bei'jing'shi
3	就可以	jiu'ke'yi
3	国务院	guo'wu'yuan
3	提供了	ti'gong'le
3	也可以	ye'ke'yi
3	很大啊	hen'da'a
3	出版社	chu'ban'she
3	在中国	zai'zhong'guo
3	重要的	zhong'yao'de
3	不知道	bu'zhi'dao
3	人民币	ren'min'bi
3	数据库	shu'ju'ku
3	基础上	ji'chu'shang
3	越来越	yue'lai'yue
3	负责人	fu'ze'ren
3	是一种	shi'yi'zhong
3	第一次	di'yi'ci
3	一定要	yi'ding'yao
3	委员会	wei'yuan'hui
3	发表于	fa'biao'yu
3	一个人	yi'ge'ren
3	本公司	ben'gong'si
3	等方面	deng'fang'mian
3	收到后	shou'dao'hou
3	阅读者	yue'du'zhe
3	在这里	zai'zhe'li
3	是不是	shi'bu'shi
3	自治区	zi'zhi'qu
3	上海市	shang'hai'shi
3	此主题	ci'zhu'ti
3	还没有	hai'mei'you
3	主要是	zhu'yao'shi
3	当事人	dang'shi'ren
3	实际上	shi'ji'shang
3	并没有	bing'mei'you
3	深圳市	shen'zhen'shi
3	第一个	di'yi'ge
3	有一个	you'yi'ge
3	投资者	tou'zi'zhe
3	在一起	zai'yi'qi
3	大学生	da'xue'sheng
3	范围内	fan'wei'nei
3	有效的	you'xiao'de
3	你可以	ni'ke'yi
3	也没有	ye'mei'you
3	还可以	hai'ke'yi
3	提出了	ti'chu'le
3	适用于	shi'yong'yu
3	并不是	bing'bu'shi
3	广东省	guang'dong'sheng
3	成功的	cheng'gong'de
3	俱乐部	ju'le'bu
3	毕业生	bi'ye'sheng
3	公务员	gong'wu'yuan
3	用户名	yong'hu'ming
3	每一个	mei'yi'ge
3	一部分	yi'bu'fen
3	正确的	zheng'que'de
3	大部分	da'bu'fen
3	这就是	zhe'jiu'shi
3	巨大的	ju'da'de
3	都可以	dou'ke'yi
3	近年来	jin'nian'lai
3	有什么	you'shen'me
3	我觉得	wo'jue'de
3	而不是	er'bu'shi
3	经销商	jing'xiao'shang
3	在这个	zai'zhe'ge
3	下一页	xia'yi'ye
3	让我们	rang'wo'men
3	信息化	xin'xi'hua
3	浏览器	liu'lan'qi
4	上市公司	shang'shi'gong'si
4	有关部门	you'guan'bu'men
4	门户网站	men'hu'wang'zhan
4	保险公司	bao'xian'gong'si
4	市场经济	shi'chang'jing'ji
4	宏观调控	hong'guan'tiao'kong
4	在这里的	zai'zhe'li'de
4	阅读权限	yue'du'quan'xian
4	有限公司	you'xian'gong'si
4	无门无派	wu'men'wu'pai
4	注册时间	zhu'ce'shi'jian
4	联系电话	lian'xi'dian'hua
4	发布时间	fa'bu'shi'jian
4	新手上路	xin'shou'shang'lu
4	人民政府	ren'min'zheng'fu
4	在线时间	zai'xian'shi'jian
4	更新时间	geng'xin'shi'jian
4	联系方式	lian'xi'fang'shi
4	版权所有	ban'quan'suo'you
4	主管部门	zhu'guan'bu'men
4	工作人员	gong'zuo'ren'yuan
4	相关图片	xiang'guan'tu'pian
4	授权方式	shou'quan'fang'shi
4	运行环境	yun'xing'huan'jing
4	操作系统	cao'zuo'xi'tong
4	有关规定	you'guan'gui'ding
4	执行时间	zhi'xing'shi'jian
4	社会主义	she'hui'zhu'yi
4	电子邮件	dian'zi'you'jian
4	责任编辑	ze'ren'bian'ji
4	电子商务	dian'zi'shang'wu
4	详细信息	xiang'xi'xin'xi
4	人民法院	ren'min'fa'yuan
4	收藏本页	shou'cang'ben'ye
4	行政主管	xing'zheng'zhu'guan
4	数据查询	shu'ju'cha'xun
4	发布日期	fa'bu'ri'qi
4	软件类别	ruan'jian'lei'bie
4	另一方面	ling'yi'fang'mian
4	用人单位	yong'ren'dan'wei
4	解决方案	jie'jue'fang'an
4	经济发展	jing'ji'fa'zhan
4	搜索引擎	sou'suo'yin'qing
4	行政部门	xing'zheng'bu'men
4	邮政编码	you'zheng'bian'ma
4	合法权益	he'fa'quan'yi
4	三个代表	san'ge'dai'biao
4	承担责任	cheng'dan'ze'ren
4	充分发挥	chong'fen'fa'hui
4	发表时间	fa'biao'shi'jian
4	超级版主	chao'ji'ban'zhu
4	安全生产	an'quan'sheng'chan
4	文章来源	wen'zhang'lai'yuan
4	中小企业	zhong'xiao'qi'ye
4	我们可以	wo'men'ke'yi
4	人力资源	ren'li'zi'yuan
4	最重要的	zui'zhong'yao'de
4	管理人员	guan'li'ren'yuan
4	这个问题	zhe'ge'wen'ti
4	公安机关	gong'an'ji'guan
4	注册会员	zhu'ce'hui'yuan
4	重要思想	zhong'yao'si'xiang
4	应用程序	ying'yong'cheng'xu
4	管理办法	guan'li'ban'fa
4	领导干部	ling'dao'gan'bu
4	县级以上	xian'ji'yi'shang
4	环境保护	huan'jing'bao'hu
4	发表评论	fa'biao'ping'lun
4	国家安全	guo'jia'an'quan
4	什么样的	shen'me'yang'de
4	以下简称	yi'xia'jian'cheng
4	联系地址	lian'xi'di'zhi
4	监督管理	jian'du'guan'li
4	您还没有	nin'hai'mei'you
4	知识产权	zhi'shi'chan'quan
4	联系我们	lian'xi'wo'men
4	领导小组	ling'dao'xiao'zu
4	工作经验	gong'zuo'jing'yan
4	浏览次数	liu'lan'ci'shu
4	当前位置	dang'qian'wei'zhi
4	行政机关	xing'zheng'ji'guan
4	售后服务	shou'hou'fu'wu
4	这是一个	zhe'shi'yi'ge
4	行政许可	xing'zheng'xu'ke
4	技术支持	ji'shu'zhi'chi
4	也就是说	ye'jiu'shi'shuo
4	事业单位	shi'ye'dan'wei
4	可以通过	ke'yi'tong'guo
4	实际情况	shi'ji'qing'kuang
4	不断提高	bu'duan'ti'gao
4	下载次数	xia'zai'ci'shu
4	共产党员	gong'chan'dang'yuan
4	注意事项	zhu'yi'shi'xiang
4	公司地址	gong'si'di'zhi
4	什么时候	shen'me'shi'hou
4	国家法律	guo'jia'fa'lv
4	法律责任	fa'lv'ze'ren
4	澳大利亚	ao'da'li'ya
4	生产企业	sheng'chan'qi'ye
4	商品名称	shang'pin'ming'cheng
5	江泽民同志	jiang'ze'min'tong'zhi
5	三国群英传	san'guo'qun'ying'zhuan
5	证券交易所	zheng'quan'jiao'yi'suo
5	马克思主义	ma'ke'si'zhu'yi
5	可持续发展	ke'chi'xu'fa'zhan
5	公司董事会	gong'si'dong'shi'hui
5	中国共产党	zhong'guo'gong'chan'dang
5	律师事务所	lv'shi'shi'wu'suo
5	经营许可证	jing'ying'xu'ke'zheng
5	邓小平理论	deng'xiao'ping'li'lun
5	法定代表人	fa'ding'dai'biao'ren
5	科学发展观	ke'xue'fa'zhan'guan
5	新农村建设	xin'nong'cun'jian'she
5	市场占有率	shi'chang'zhan'you'lv
5	房地产开发	fang'di'chan'kai'fa
5	笔记本电脑	bi'ji'ben'dian'nao
5	常务委员会	chang'wu'wei'yuan'hui
5	进一步加强	jin'yi'bu'jia'qiang
5	企事业单位	qi'shi'ye'dan'wei
5	土地使用权	tu'di'shi'yong'quan
5	房地产市场	fang'di'chan'shi'chang
5	住房公积金	zhu'fang'gong'ji'jin
5	信息产业部	xin'xi'chan'ye'bu
5	现代化建设	xian'dai'hua'jian'she
5	第二十一条	di'er'shi'yi'tiao
5	人民检察院	ren'min'jian'cha'yuan
5	第二十二条	di'er'shi'er'tiao
5	人民共和国	ren'min'gong'he'guo
5	进一步提高	jin'yi'bu'ti'gao
5	第二十三条	di'er'shi'san'tiao
5	中央电视台	zhong'yang'dian'shi'tai
5	第二十四条	di'er'shi'si'tiao
5	发展中国家	fa'zhan'zhong'guo'jia
5	第二十五条	di'er'shi'wu'tiao
5	第二十六条	di'er'shi'liu'tiao
5	第二十七条	di'er'shi'qi'tiao
5	自然保护区	zi'ran'bao'hu'qu
5	毛泽东思想	mao'ze'dong'si'xiang
5	企业所得税	qi'ye'suo'de'shui
5	犯罪嫌疑人	fan'zui'xian'yi'ren
5	核心竞争力	he'xin'jing'zheng'li
5	信息化建设	xin'xi'hua'jian'she
5	应届毕业生	ying'jie'bi'ye'sheng
5	第二十八条	di'er'shi'ba'tiao
5	中国科学院	zhong'guo'ke'xue'yuan
5	第二十九条	di'er'shi'jiu'tiao
5	为人民服务	wei'ren'min'fu'wu
5	危险化学品	wei'xian'hua'xue'pin
5	首席执行官	shou'xi'zhi'xing'guan
5	第三十一条	di'san'shi'yi'tiao
5	转载请注明	zhuan'zai'qing'zhu'ming
5	主要负责人	zhu'yao'fu'ze'ren
5	高校毕业生	gao'xiao'bi'ye'sheng
5	国土资源部	guo'tu'zi'yuan'bu
5	第三十二条	di'san'shi'er'tiao
5	到目前为止	dao'mu'qian'wei'zhi
5	人大常委会	ren'da'chang'wei'hui
5	在此基础上	zai'ci'ji'chu'shang
5	第三十三条	di'san'shi'san'tiao
5	一般情况下	yi'ban'qing'kuang'xia
